scan_date,symbol,name,ticker,entry_close,score,rs_percent,volume_ratio,avg_value_cr,atr_percent,ipo_age_days
2026-10-06,CLEANMAX,Clean Max Enviro Energy,CLEANMAX.NS,1392.5,100,12.49,3.52,162.23,5.83,218
2026-10-06,SEDEMAC,Sedemac Mechatronics,SEDEMAC.NS,3399.6,94,24.25,1.81,83.68,5.02,209
2026-10-05,SEDEMAC,Sedemac Mechatronics,SEDEMAC.NS,3432.8,94,29.55,1.82,80.45,4.85,208
2026-10-05,POWERICA,Powerica,POWERICA.NS,589.15,88,16.58,1.2,12.2,4.7,186
2026-10-02,SEDEMAC,Sedemac Mechatronics,SEDEMAC.NS,3432.8,94,29.55,1.82,80.45,4.85,205
2026-10-02,POWERICA,Powerica,POWERICA.NS,589.15,88,16.58,1.2,12.2,4.7,183
2026-10-01,SEDEMAC,Sedemac Mechatronics,SEDEMAC.NS,3432.8,94,29.55,1.82,80.45,4.85,204
2026-10-01,POWERICA,Powerica,POWERICA.NS,589.15,88,16.58,1.2,12.2,4.7,182
2026-09-30,SEDEMAC,Sedemac Mechatronics,SEDEMAC.NS,3494.5,95,33.09,1.91,79.29,4.63,203
2026-09-30,CLEANMAX,Clean Max Enviro Energy,CLEANMAX.NS,1327.2,67,8.14,3.49,163.86,6.34,212
2026-09-29,SEDEMAC,Sedemac Mechatronics,SEDEMAC.NS,3485.6,95,34.96,1.96,79.4,4.61,202
2026-09-29,CLEANMAX,Clean Max Enviro Energy,CLEANMAX.NS,1382.4,91,10.75,3.46,158.87,5.72,211
2026-09-28,CLEANMAX,Clean Max Enviro Energy,CLEANMAX.NS,1373.1,89,9.38,3.42,148.05,5.64,210
2026-09-25,SEDEMAC,Sedemac Mechatronics,SEDEMAC.NS,3444.9,92,34.89,1.62,74.24,4.18,198
2026-09-25,CLEANMAX,Clean Max Enviro Energy,CLEANMAX.NS,1393.4,83,11.29,1.53,50.62,4.86,207
2026-09-24,SEDEMAC,Sedemac Mechatronics,SEDEMAC.NS,3313.6,90,29.57,1.34,61.39,3.96,197
2026-09-24,CLEANMAX,Clean Max Enviro Energy,CLEANMAX.NS,1385.2,78,9.19,1.37,45.84,4.81,206
2026-09-23,CLEANMAX,Clean Max Enviro Energy,CLEANMAX.NS,1457.5,84,12.91,1.32,45.67,4.49,205
